{"val/loss":10.990270614624023,"mfu":-100,"_wandb":{"runtime":195},"best_val_loss":10.990270614624023,"_timestamp":1.7444942437317495e+09,"_step":16,"lr":4.227886056971514e-05,"_runtime":189.789934577,"iter":140,"train/loss":10.989400863647461,"model_size":124373760}