{"train/loss":10.989309310913086,"_step":1,"_timestamp":1.7444923344011507e+09,"lr":2.998500749625187e-07,"_runtime":30.587848925,"val/loss":10.990531921386719,"best_val_loss":10.990531921386719,"model_size":124373760,"mfu":-100,"_wandb":{"runtime":79},"iter":0}