{"_runtime":90267.808804435,"val/loss":3.2394070625305176,"_step":8664,"_wandb":{"runtime":90269},"iter":85770,"_timestamp":1.744625889516563e+09,"train/loss":3.3003029227256775,"mfu":99.60296309689043,"lr":0.0005742730985159042,"best_val_loss":3.2394070625305176,"model_size":89584896}