{"best_val_loss":3.201828718185425,"mfu":92.37968833475291,"val/loss":3.201828718185425,"_runtime":124192.770163104,"_step":9307,"model_size":107833248,"lr":0.0005702942449275959,"train/loss":3.27168345451355,"iter":92130,"_wandb":{"runtime":124201},"_timestamp":1.7447585008998578e+09}