{"_wandb":{"runtime":28},"_runtime":0.678246354,"_step":0,"model_size":107085024,"_timestamp":1.7447585315534034e+09}