{"_wandb":{"runtime":0},"model_size":21053088,"_timestamp":1.7449042051298344e+09,"_runtime":0.726845809,"_step":0}