{"iter":103760,"_wandb":{"runtime":139289},"_step":10481,"mfu":92.52014124324293,"train/loss":3.1881561875343323,"model_size":107085024,"lr":0.0005623281105068686,"_timestamp":1.7448978652734022e+09,"best_val_loss":3.1446692943573,"val/loss":3.1446692943573,"_runtime":139277.213062531}