{"_wandb":{"runtime":180},"model_size":117544944,"_timestamp":1.7446272938664076e+09,"_runtime":86.72028998,"iter":0,"lr":2.998500749625187e-07,"val/loss":10.864113807678223,"best_val_loss":10.864113807678223,"mfu":-100,"train/loss":10.863625526428223,"_step":1}