{"mfu":-100,"_wandb":{"runtime":165},"_timestamp":1.7446260070037756e+09,"train/loss":10.860133171081543,"_step":1,"model_size":127648320,"iter":0,"best_val_loss":10.859149932861328,"_runtime":75.590849061,"val/loss":10.859149932861328,"lr":2.998500749625187e-07}