{"best_val_loss":4.524573802947998,"model_size":124373760,"iter":1000,"_wandb":{"runtime":1431},"train/loss":4.511909484863281,"_timestamp":1.744493675882034e+09,"_runtime":1160.141405705,"_step":2,"mfu":124.52983788430191,"lr":0.00030014992503748123,"val/loss":4.524573802947998}