{"_timestamp":1.744628292141365e+09,"mfu":-100,"iter":0,"val/loss":10.837288856506348,"model_size":110224452,"best_val_loss":10.837288856506348,"_step":1,"train/loss":10.83749008178711,"_wandb":{"runtime":248},"lr":2.998500749625187e-07,"_runtime":106.832400772}