{"mfu":-100,"train/loss":10.824192762374878,"best_val_loss":10.826088905334473,"lr":2.998500749625187e-07,"_wandb":{"runtime":229},"model_size":112640136,"_step":2,"iter":0,"val/loss":10.826088905334473,"_timestamp":1.7446281354588976e+09,"_runtime":229.245662872}