{"mfu":74.70212438563321,"_wandb":{"runtime":5014},"train/loss":3.5222503542900085,"lr":0.0005999258892864904,"_runtime":5009.331056676,"best_val_loss":3.544154644012451,"model_size":49058352,"_timestamp":1.7449029145811722e+09,"val/loss":3.544154644012451,"_step":654,"iter":6460}