{"val/loss":10.896714210510254,"model_size":122547672,"mfu":-100,"_runtime":95.88628932,"_wandb":{"runtime":229},"iter":0,"train/loss":10.896164894104004,"lr":2.998500749625187e-07,"best_val_loss":10.896714210510254,"_step":1,"_timestamp":1.7446263586833074e+09}