{"_wandb":{"runtime":256},"iter":0,"best_val_loss":10.863215446472168,"model_size":120034068,"val/loss":10.863215446472168,"train/loss":10.863572120666504,"_timestamp":1.7446268602397816e+09,"lr":2.998500749625187e-07,"_runtime":111.184940088,"_step":1,"mfu":-100}