{"model_size":115080300,"mfu":-100,"_runtime":112.611083137,"best_val_loss":10.840991973876953,"iter":0,"train/loss":10.841835975646973,"_wandb":{"runtime":251},"_step":1,"val/loss":10.840991973876953,"_timestamp":1.7446275517694948e+09,"lr":2.998500749625187e-07}