{"train/loss":4.300922393798828,"model_size":6584256,"_step":1,"mfu":-100,"iter":0,"val/loss":4.293856620788574,"_timestamp":1.7449042758381705e+09,"_wandb":{"runtime":18},"lr":9.900990099009901e-06,"best_val_loss":4.293856620788574,"_runtime":13.269160849}