{"_step":0,"_wandb":{"runtime":0},"model_size":21053088,"_timestamp":1.7449042119871924e+09,"_runtime":0.66366498}