{"model_size":124373760,"iter":37070,"mfu":124.30083226105934,"train/loss":3.0820679664611816,"_runtime":41314.077722776,"val/loss":3.076308012008667,"_wandb":{"runtime":41324},"lr":0.0005954304457360028,"_step":3746,"best_val_loss":3.076308012008667,"_timestamp":1.7445355944591799e+09}