{"_runtime":16.619130928,"iter":0,"mfu":-100,"_timestamp":1.744492185932171e+09,"train/loss":10.988554954528809,"model_size":124373760,"best_val_loss":10.989747047424316,"_step":1,"val/loss":10.989747047424316,"_wandb":{"runtime":46},"lr":2.998500749625187e-07}